{"cameraMode":{"drawMode":0,"name":"Shaded","section":"Shading Mode"},"sceneLighting":true,"audioPlay":false,"sceneViewState":{"m_AlwaysRefresh":false,"showFog":true,"showSkybox":true,"showFlares":true,"showImageEffects":true,"showParticleSystems":true,"showVisualEffectGraphs":true,"m_FxEnabled":true},"in2DMode":false,"pivot":{"x":-4.065000057220459,"y":1.9890000820159913,"z":11.621999740600586},"rotation":{"x":-0.026447739452123643,"y":-0.9730926752090454,"z":0.14588510990142823,"w":-0.1764659434556961},"size":1.1363905668258668,"orthographic":false}