{"cameraMode":{"drawMode":0,"name":"Shaded","section":"Shading Mode"},"sceneLighting":true,"audioPlay":false,"sceneViewState":{"m_AlwaysRefresh":false,"showFog":true,"showSkybox":true,"showFlares":true,"showImageEffects":true,"showParticleSystems":true,"showVisualEffectGraphs":true,"m_FxEnabled":true},"in2DMode":false,"pivot":{"x":-6.737546920776367,"y":2.7097527980804445,"z":-1.1845762729644776},"rotation":{"x":-0.08626794070005417,"y":0.9030357599258423,"z":-0.21554936468601228,"w":-0.3614159822463989},"size":1.3628418445587159,"orthographic":false}